X,Y,Z,S,I_Raw,I_Pro,I_DoG,N,Gain,X_in_px,Y_in_px,Z_in_px,X_um,Y_um,Z_um,X_abs_out_px,Y_abs_out_px,Z_abs_out_px,X_abs_in_px,Y_abs_in_px,Z_abs_in_px,X_abs_um,Y_abs_um,Z_abs_um,S_um,X_ref_in_px,Y_ref_in_px,Z_ref_in_px,X_ref_out_px,Y_ref_out_px,Z_ref_out_px,ID
11.0,10.0,21.0,3.0,52212.0,31038.162813101702,14704.532515548552,2.0,-0.3570762540379388,49,44,21,22.0,20.0,42.0,11.0,10.0,21.0,49,44,21,22.0,20.0,42.0,6.0,0,0,0,0,0,0,112
59.0,42.0,6.0,3.0,44248.0,23074.162813101702,14066.44816969663,2.0,-0.2425300608968709,262,187,6,118.0,84.0,12.0,59.0,42.0,6.0,262,187,6,118.0,84.0,12.0,6.0,0,0,0,0,0,0,113
6.0,27.0,18.0,3.0,37434.0,16260.162813101706,10102.698211957631,1.0,-0.2335658711431611,27,120,18,12.0,54.0,36.0,6.0,27.0,18.0,27,120,18,12.0,54.0,36.0,6.0,0,0,0,0,0,0,114
49.0,3.0,5.0,3.0,29917.0,8743.162813101706,8573.94070218067,3.0,-0.0097719639298626,218,13,5,98.0,6.0,10.0,49.0,3.0,5.0,218,13,5,98.0,6.0,10.0,6.0,0,0,0,0,0,0,115
26.0,7.0,20.0,3.0,36420.0,15246.162813101706,8316.304694763798,2.0,-0.294105789897625,116,31,20,52.0,14.0,40.0,26.0,7.0,20.0,116,31,20,52.0,14.0,40.0,6.0,0,0,0,0,0,0,116
51.0,27.0,20.0,3.0,33194.0,12020.162813101706,7681.053199505368,2.0,-0.2202457762414098,227,120,20,102.0,54.0,40.0,51.0,27.0,20.0,227,120,20,102.0,54.0,40.0,6.0,0,0,0,0,0,0,117
5.0,43.0,64.0,3.0,32096.0,10922.162813101706,7669.055374826036,2.0,-0.1749808649111592,22,191,64,10.0,86.0,128.0,5.0,43.0,64.0,22,191,64,10.0,86.0,128.0,6.0,0,0,0,0,0,0,118
7.0,47.0,59.0,3.0,33040.0,11866.162813101706,7450.724759701154,2.0,-0.2285791661187308,31,209,59,14.0,94.0,118.0,7.0,47.0,59.0,31,209,59,14.0,94.0,118.0,6.0,0,0,0,0,0,0,119
9.0,54.0,58.0,3.0,34119.0,12945.162813101706,7331.26863517402,3.0,-0.2768679583608427,40,240,58,18.0,108.0,116.0,9.0,54.0,58.0,40,240,58,18.0,108.0,116.0,6.0,0,0,0,0,0,0,120
20.0,46.0,28.0,3.0,31989.0,10815.162813101706,6767.910500539377,2.0,-0.2301788908212332,89,204,28,40.0,92.0,56.0,20.0,46.0,28.0,89,204,28,40.0,92.0,56.0,6.0,0,0,0,0,0,0,121
59.0,56.0,7.0,3.0,30622.0,9448.162813101706,4367.021690044822,2.0,-0.3677939387562728,262,249,7,118.0,112.0,14.0,59.0,56.0,7.0,262,249,7,118.0,112.0,14.0,6.0,0,0,0,0,0,0,122
31.0,17.0,13.0,4.0,57354.0,36180.162813101706,32452.825025776798,8.0,-0.054308254742969,138,76,13,62.0,34.0,26.0,31.0,17.0,13.0,138,76,13,62.0,34.0,26.0,8.0,0,0,0,0,0,0,123
30.0,4.0,6.0,4.0,53502.0,32328.162813101702,27179.004388565427,3.0,-0.086530054557731,133,18,6,60.0,8.0,12.0,30.0,4.0,6.0,133,18,6,60.0,8.0,12.0,8.0,0,0,0,0,0,0,124
4.0,43.0,22.0,4.0,42323.0,21149.162813101702,20192.83315640922,4.0,-0.0231321597872963,18,191,22,8.0,86.0,44.0,4.0,43.0,22.0,18,191,22,8.0,86.0,44.0,8.0,0,0,0,0,0,0,125
51.0,49.0,8.0,4.0,44524.0,23350.162813101702,19482.38847094059,7.0,-0.0902998823607804,227,218,8,102.0,98.0,16.0,51.0,49.0,8.0,227,218,8,102.0,98.0,16.0,8.0,0,0,0,0,0,0,126
21.0,13.0,17.0,4.0,54900.0,33726.162813101706,19344.766103364323,3.0,-0.2709844542644767,93,58,17,42.0,26.0,34.0,21.0,13.0,17.0,93,58,17,42.0,26.0,34.0,8.0,0,0,0,0,0,0,127
17.0,48.0,58.0,4.0,45752.0,24578.162813101702,18339.18809515163,7.0,-0.1453718504501235,76,213,58,34.0,96.0,116.0,17.0,48.0,58.0,76,213,58,34.0,96.0,116.0,8.0,0,0,0,0,0,0,128
20.0,17.0,46.0,4.0,39445.0,18271.162813101702,15244.35752000421,4.0,-0.0903105565127593,89,76,46,40.0,34.0,92.0,20.0,17.0,46.0,89,76,46,40.0,34.0,92.0,8.0,0,0,0,0,0,0,129
7.0,39.0,48.0,4.0,39554.0,18380.162813101702,14533.154083565962,3.0,-0.1168830458994315,31,173,48,14.0,78.0,96.0,7.0,39.0,48.0,31,173,48,14.0,78.0,96.0,8.0,0,0,0,0,0,0,130
18.0,6.0,8.0,4.0,43948.0,22774.162813101702,13795.730505200276,3.0,-0.2455143150064381,80,27,8,36.0,12.0,16.0,18.0,6.0,8.0,80,27,8,36.0,12.0,16.0,8.0,0,0,0,0,0,0,131
31.0,59.0,33.0,4.0,40346.0,19172.162813101702,13520.678202322868,3.0,-0.1728661209991646,138,262,33,62.0,118.0,66.0,31.0,59.0,33.0,138,262,33,62.0,118.0,66.0,8.0,0,0,0,0,0,0,132
41.0,47.0,9.0,4.0,35390.0,14216.162813101706,13340.425453194264,6.0,-0.0317796002699848,182,209,9,82.0,94.0,18.0,41.0,47.0,9.0,182,209,9,82.0,94.0,18.0,8.0,0,0,0,0,0,0,133
60.0,42.0,22.0,4.0,34695.0,13521.162813101706,13124.67410678712,6.0,-0.0148799494460105,267,187,22,120.0,84.0,44.0,60.0,42.0,22.0,267,187,22,120.0,84.0,44.0,8.0,0,0,0,0,0,0,134
20.0,30.0,37.0,4.0,39195.0,18021.162813101702,12948.8110070655,5.0,-0.1637828896947004,89,133,37,40.0,60.0,74.0,20.0,30.0,37.0,89,133,37,40.0,60.0,74.0,8.0,0,0,0,0,0,0,135
41.0,23.0,18.0,4.0,39604.0,18430.162813101702,12333.590627074327,5.0,-0.1981738736101537,182,102,18,82.0,46.0,36.0,41.0,23.0,18.0,182,102,18,82.0,46.0,36.0,8.0,0,0,0,0,0,0,136
20.0,46.0,14.0,4.0,36142.0,14968.162813101706,12135.663556194164,4.0,-0.1045055121854046,89,204,14,40.0,92.0,28.0,20.0,46.0,14.0,89,204,14,40.0,92.0,28.0,8.0,0,0,0,0,0,0,137
10.0,13.0,34.0,4.0,34500.0,13326.162813101706,11005.766981218498,6.0,-0.0953642333961056,44,58,34,20.0,26.0,68.0,10.0,13.0,34.0,44,58,34,20.0,26.0,68.0,8.0,0,0,0,0,0,0,138
42.0,18.0,53.0,4.0,32298.0,11124.162813101706,10607.267358650362,8.0,-0.0237856160577612,187,80,53,84.0,36.0,106.0,42.0,18.0,53.0,187,80,53,84.0,36.0,106.0,8.0,0,0,0,0,0,0,139
14.0,49.0,46.0,4.0,33681.0,12507.162813101706,10205.380193249715,6.0,-0.1013441171782618,62,218,46,28.0,98.0,92.0,14.0,49.0,46.0,62,218,46,28.0,98.0,92.0,8.0,0,0,0,0,0,0,140
34.0,52.0,32.0,4.0,33672.0,12498.162813101706,9385.63575192752,3.0,-0.1422297437040053,151,231,32,68.0,104.0,64.0,34.0,52.0,32.0,151,231,32,68.0,104.0,64.0,8.0,0,0,0,0,0,0,141
14.0,63.0,47.0,4.0,30885.0,9711.162813101706,9012.51732194895,3.0,-0.0373134707554042,62,280,47,28.0,126.0,94.0,14.0,63.0,47.0,62,280,47,28.0,126.0,94.0,8.0,0,0,0,0,0,0,142
25.0,10.0,52.0,4.0,30359.0,9185.162813101706,8955.215769054106,3.0,-0.0126759782330999,111,44,52,50.0,20.0,104.0,25.0,10.0,52.0,111,44,52,50.0,20.0,104.0,8.0,0,0,0,0,0,0,143
11.0,34.0,38.0,5.0,59829.0,38655.162813101706,34049.52559798171,8.0,-0.0633471831841025,49,151,38,22.0,68.0,76.0,11.0,34.0,38.0,49,151,38,22.0,68.0,76.0,10.0,0,0,0,0,0,0,144
13.0,19.0,22.0,5.0,60521.0,39347.162813101706,32566.28329609041,9.0,-0.0942922343996048,58,84,22,26.0,38.0,44.0,13.0,19.0,22.0,58,84,22,26.0,38.0,44.0,10.0,0,0,0,0,0,0,145
26.0,33.0,29.0,5.0,49646.0,28472.162813101702,28335.18563021293,11.0,-0.0024112581671622,116,147,29,52.0,66.0,58.0,26.0,33.0,29.0,116,147,29,52.0,66.0,58.0,10.0,0,0,0,0,0,0,146
53.0,20.0,5.0,5.0,49385.0,28211.162813101702,27134.75387923376,5.0,-0.0194487506612571,236,89,5,106.0,40.0,10.0,53.0,20.0,5.0,236,89,5,106.0,40.0,10.0,10.0,0,0,0,0,0,0,147
22.0,55.0,58.0,5.0,46850.0,25676.162813101702,22721.85736472302,5.0,-0.0610418657111165,98,244,58,44.0,110.0,116.0,22.0,55.0,58.0,98,244,58,44.0,110.0,116.0,10.0,0,0,0,0,0,0,148
59.0,8.0,6.0,5.0,41734.0,20560.162813101702,21630.79636311542,8.0,0.0253758997405592,262,36,6,118.0,16.0,12.0,59.0,8.0,6.0,262,36,6,118.0,16.0,12.0,10.0,0,0,0,0,0,0,149
40.0,23.0,9.0,5.0,46255.0,25081.162813101702,20525.751070476508,7.0,-0.0998842358475274,178,102,9,80.0,46.0,18.0,40.0,23.0,9.0,178,102,9,80.0,46.0,18.0,10.0,0,0,0,0,0,0,150
13.0,13.0,48.0,5.0,41591.0,20417.162813101702,18781.14822894473,8.0,-0.0417368641827983,58,58,48,26.0,26.0,96.0,13.0,13.0,48.0,58,58,48,26.0,26.0,96.0,10.0,0,0,0,0,0,0,151
20.0,55.0,29.0,5.0,39287.0,18113.162813101702,17949.08433488164,7.0,-0.0045498683858152,89,244,29,40.0,110.0,58.0,20.0,55.0,29.0,89,244,29,40.0,110.0,58.0,10.0,0,0,0,0,0,0,152
7.0,24.0,5.0,5.0,40324.0,19150.162813101702,17030.367412702406,4.0,-0.0585893956547782,31,107,5,14.0,48.0,10.0,7.0,24.0,5.0,31,107,5,14.0,48.0,10.0,10.0,0,0,0,0,0,0,153
16.0,41.0,23.0,5.0,39759.0,18585.162813101702,15546.422497471964,7.0,-0.08903015456151,71,182,23,32.0,82.0,46.0,16.0,41.0,23.0,71,182,23,32.0,82.0,46.0,10.0,0,0,0,0,0,0,154
45.0,33.0,23.0,5.0,37726.0,16552.162813101706,14369.941064292254,6.0,-0.0705715806874575,200,147,23,90.0,66.0,46.0,45.0,33.0,23.0,200,147,23,90.0,66.0,46.0,10.0,0,0,0,0,0,0,155
43.0,33.0,11.0,5.0,40002.0,18828.162813101702,14165.993152612637,5.0,-0.1413028921040967,191,147,11,86.0,66.0,22.0,43.0,33.0,11.0,191,147,11,86.0,66.0,22.0,10.0,0,0,0,0,0,0,156
53.0,27.0,55.0,3.0,44270.0,27451.411304235306,14447.160789704703,2.0,-0.310374551318217,236,120,55,106.0,54.0,110.0,53.0,95.0,55.0,236,422,55,106.0,190.0,110.0,6.0,0,302,0,0,68,0,278
51.0,20.0,51.0,3.0,44232.0,27413.411304235306,14327.382142799224,2.0,-0.3135069576011084,227,89,51,102.0,40.0,102.0,51.0,88.0,51.0,227,391,51,102.0,176.0,102.0,6.0,0,302,0,0,68,0,279
51.0,43.0,37.0,3.0,39590.0,22771.411304235306,13673.046069366072,1.0,-0.2496501770241654,227,191,37,102.0,86.0,74.0,51.0,111.0,37.0,227,493,37,102.0,222.0,74.0,6.0,0,302,0,0,68,0,280
63.0,26.0,37.0,3.0,38153.0,21334.411304235306,13538.386179956582,2.0,-0.2235560576352591,280,116,37,126.0,52.0,74.0,63.0,94.0,37.0,280,418,37,126.0,188.0,74.0,6.0,0,302,0,0,68,0,281
49.0,12.0,59.0,3.0,43753.0,26934.411304235306,10883.012618510144,2.0,-0.4244445290222684,218,53,59,98.0,24.0,118.0,49.0,80.0,59.0,218,355,59,98.0,160.0,118.0,6.0,0,302,0,0,68,0,282
42.0,18.0,41.0,3.0,32792.0,15973.411304235306,8500.51515609594,2.0,-0.3053411213052334,187,80,41,84.0,36.0,82.0,42.0,86.0,41.0,187,382,41,84.0,172.0,82.0,6.0,0,302,0,0,68,0,283
41.0,21.0,37.0,3.0,29907.0,13088.411304235306,8439.007283876053,1.0,-0.2159759193295434,182,93,37,82.0,42.0,74.0,41.0,89.0,37.0,182,395,37,82.0,178.0,74.0,6.0,0,302,0,0,68,0,284
58.0,35.0,56.0,3.0,32677.0,15858.411304235306,7039.529498089092,2.0,-0.3851386411677245,258,156,56,116.0,70.0,112.0,58.0,103.0,56.0,258,458,56,116.0,206.0,112.0,6.0,0,302,0,0,68,0,285
47.0,51.0,36.0,3.0,29066.0,12247.411304235306,6906.656425329694,2.0,-0.2788313664915136,209,227,36,94.0,102.0,72.0,47.0,119.0,36.0,209,529,36,94.0,238.0,72.0,6.0,0,302,0,0,68,0,286
63.0,28.0,47.0,3.0,26760.0,9941.411304235306,6214.316307194673,2.0,-0.2306980587122401,280,124,47,126.0,56.0,94.0,63.0,96.0,47.0,280,426,47,126.0,192.0,94.0,6.0,0,302,0,0,68,0,287
36.0,12.0,28.0,3.0,22832.0,6013.411304235306,5516.7156592323245,4.0,-0.0430780724771483,160,53,28,72.0,24.0,56.0,36.0,80.0,28.0,160,355,28,72.0,160.0,56.0,6.0,0,302,0,0,68,0,288
58.0,8.0,22.0,3.0,23192.0,6373.411304235306,4290.741027629334,2.0,-0.1952963734757354,258,36,22,116.0,16.0,44.0,58.0,76.0,22.0,258,338,22,116.0,152.0,44.0,6.0,0,302,0,0,68,0,289
13.0,37.0,61.0,3.0,20123.0,3304.4113042353056,2256.868896773803,2.0,-0.1883635367395124,58,164,61,26.0,74.0,122.0,13.0,105.0,61.0,58,466,61,26.0,210.0,122.0,6.0,0,302,0,0,68,0,290
58.0,56.0,4.0,3.0,19270.0,2451.4113042353056,2217.5306780383567,2.0,-0.0500928533883932,258,249,4,116.0,112.0,8.0,58.0,124.0,4.0,258,551,4,116.0,248.0,8.0,6.0,0,302,0,0,68,0,291
44.0,4.0,58.0,4.0,46469.0,29650.411304235306,25749.4743897996,3.0,-0.0704141690107445,196,18,58,88.0,8.0,116.0,44.0,72.0,58.0,196,320,58,88.0,144.0,116.0,8.0,0,302,0,0,68,0,292
9.0,19.0,60.0,4.0,44235.0,27416.411304235306,25133.670780208176,7.0,-0.04343933317476,40,84,60,18.0,38.0,120.0,9.0,87.0,60.0,40,386,60,18.0,174.0,120.0,8.0,0,302,0,0,68,0,293
62.0,17.0,13.0,4.0,44279.0,27460.411304235306,24811.408073028048,4.0,-0.0506774637417631,276,76,13,124.0,34.0,26.0,62.0,85.0,13.0,276,378,13,124.0,170.0,26.0,8.0,0,302,0,0,68,0,294
24.0,12.0,48.0,4.0,35447.0,18628.411304235306,14633.933756597902,4.0,-0.1200900760403976,107,53,48,48.0,24.0,96.0,24.0,80.0,48.0,107,355,48,48.0,160.0,96.0,8.0,0,302,0,0,68,0,295
54.0,8.0,8.0,4.0,30252.0,13433.411304235306,13295.014508169224,4.0,-0.005177888029674,240,36,8,108.0,16.0,16.0,54.0,76.0,8.0,240,338,8,108.0,152.0,16.0,8.0,0,302,0,0,68,0,296
30.0,9.0,55.0,4.0,27764.0,10945.411304235306,9274.426340027969,3.0,-0.0826408695067552,133,40,55,60.0,18.0,110.0,30.0,77.0,55.0,133,342,55,60.0,154.0,110.0,8.0,0,302,0,0,68,0,297
52.0,45.0,27.0,4.0,25834.0,9015.411304235306,7367.161858331785,3.0,-0.1006099243108917,231,200,27,104.0,90.0,54.0,52.0,113.0,27.0,231,502,27,104.0,226.0,54.0,8.0,0,302,0,0,68,0,298
61.0,18.0,47.0,4.0,29708.0,12889.411304235306,6770.508809472132,3.0,-0.3112374037825772,271,80,47,122.0,36.0,94.0,61.0,86.0,47.0,271,382,47,122.0,172.0,94.0,8.0,0,302,0,0,68,0,299
43.0,22.0,61.0,5.0,47061.0,30242.411304235306,25202.75086617865,4.0,-0.0908945026180455,191,98,61,86.0,44.0,122.0,43.0,90.0,61.0,191,400,61,86.0,180.0,122.0,10.0,0,302,0,0,68,0,300
39.0,40.0,61.0,5.0,51705.0,34886.411304235306,24613.340160231157,4.0,-0.1726573790839997,173,178,61,78.0,80.0,122.0,39.0,108.0,61.0,173,480,61,78.0,216.0,122.0,10.0,0,302,0,0,68,0,301
55.0,39.0,41.0,5.0,42318.0,25499.411304235306,21344.812166141677,7.0,-0.0886896789039717,244,173,41,110.0,78.0,82.0,55.0,107.0,41.0,244,475,41,110.0,214.0,82.0,10.0,0,302,0,0,68,0,302
25.0,16.0,34.0,5.0,39003.0,22184.411304235306,21187.545656507333,8.0,-0.0229841058043626,111,71,34,50.0,32.0,68.0,25.0,84.0,34.0,111,373,34,50.0,168.0,68.0,10.0,0,302,0,0,68,0,303
59.0,15.0,38.0,5.0,38383.0,21564.411304235306,18108.62442274433,6.0,-0.0871066914383077,262,67,38,118.0,30.0,76.0,59.0,83.0,38.0,262,369,38,118.0,166.0,76.0,10.0,0,302,0,0,68,0,304
48.0,14.0,46.0,5.0,40858.0,24039.411304235306,17221.10144131096,6.0,-0.1652502455549423,213,62,46,96.0,28.0,92.0,48.0,82.0,46.0,213,364,46,96.0,164.0,92.0,10.0,0,302,0,0,68,0,305
47.0,48.0,53.0,5.0,38592.0,21773.411304235306,15976.05721115209,6.0,-0.1535744560408871,209,213,53,94.0,96.0,106.0,47.0,116.0,53.0,209,515,53,94.0,232.0,106.0,10.0,0,302,0,0,68,0,306
58.0,7.0,47.0,5.0,35697.0,18878.411304235306,13585.863420838446,5.0,-0.1630268326712121,258,31,47,116.0,14.0,94.0,58.0,75.0,47.0,258,333,47,116.0,150.0,94.0,10.0,0,302,0,0,68,0,307
54.0,20.0,58.0,6.0,55681.0,38862.411304235306,29182.39291378364,10.0,-0.1422594789079913,240,89,58,108.0,40.0,116.0,54.0,88.0,58.0,240,391,58,108.0,176.0,116.0,12.0,0,302,0,0,68,0,308
56.0,44.0,58.0,6.0,40882.0,24063.411304235306,18300.977637832508,8.0,-0.1360206959265427,249,196,58,112.0,88.0,116.0,56.0,112.0,58.0,249,498,58,112.0,224.0,116.0,12.0,0,302,0,0,68,0,309
36.0,25.0,3.0,3.0,38660.0,20240.972043427464,12776.714994224709,2.0,-0.2260684414595968,160,111,3,72.0,50.0,6.0,104.0,25.0,3.0,462,111,3,208.0,50.0,6.0,6.0,302,0,0,68,0,0,440
32.0,60.0,13.0,3.0,40329.0,21909.972043427464,12457.828470699582,2.0,-0.275029051359936,142,267,13,64.0,120.0,26.0,100.0,60.0,13.0,444,267,13,200.0,120.0,26.0,6.0,302,0,0,68,0,0,441
17.0,54.0,8.0,3.0,38904.0,20484.972043427464,12089.066758881214,2.0,-0.2577483662833726,76,240,8,34.0,108.0,16.0,85.0,54.0,8.0,378,240,8,170.0,108.0,16.0,6.0,302,0,0,68,0,0,442
10.0,29.0,3.0,3.0,44211.0,25791.972043427464,11835.763255226211,2.0,-0.3709021730229032,44,129,3,20.0,58.0,6.0,78.0,29.0,3.0,346,129,3,156.0,58.0,6.0,6.0,302,0,0,68,0,0,443
10.0,26.0,8.0,3.0,38383.0,19963.972043427464,11299.661646965424,2.0,-0.2771370238746281,44,116,8,20.0,52.0,16.0,78.0,26.0,8.0,346,116,8,156.0,52.0,16.0,6.0,302,0,0,68,0,0,444
10.0,31.0,9.0,3.0,40969.0,22549.972043427464,10064.4175690279,2.0,-0.3828234905745824,44,138,9,20.0,62.0,18.0,78.0,31.0,9.0,346,138,9,156.0,62.0,18.0,6.0,302,0,0,68,0,0,445
4.0,63.0,41.0,4.0,31500.0,13080.972043427464,12561.4522724582,3.0,-0.0202601659097972,18,280,41,8.0,126.0,82.0,72.0,63.0,41.0,320,280,41,144.0,126.0,82.0,8.0,302,0,0,68,0,0,446
20.0,8.0,39.0,4.0,23525.0,5105.972043427464,4705.672560791485,7.0,-0.040798408297815,89,36,39,40.0,16.0,78.0,88.0,8.0,39.0,391,36,39,176.0,16.0,78.0,8.0,302,0,0,68,0,0,447
7.0,60.0,29.0,5.0,58791.0,40371.97204342746,38885.589795874286,6.0,-0.018753822513073,31,267,29,14.0,120.0,58.0,75.0,60.0,29.0,333,267,29,150.0,120.0,58.0,10.0,302,0,0,68,0,0,449
42.0,58.0,36.0,5.0,56203.0,37783.97204342746,35274.43836263518,9.0,-0.0343496890617269,187,258,36,84.0,116.0,72.0,110.0,58.0,36.0,489,258,36,220.0,116.0,72.0,10.0,302,0,0,68,0,0,450
37.0,59.0,25.0,5.0,60826.0,42406.97204342746,34948.53634059458,10.0,-0.0964176418543639,164,262,25,74.0,118.0,50.0,105.0,59.0,25.0,466,262,25,210.0,118.0,50.0,10.0,302,0,0,68,0,0,451
9.0,49.0,19.0,5.0,56693.0,38273.97204342746,32790.13256493745,10.0,-0.0771675026191002,40,218,19,18.0,98.0,38.0,77.0,49.0,19.0,342,218,19,154.0,98.0,38.0,10.0,302,0,0,68,0,0,452
49.0,48.0,22.0,5.0,47476.0,29056.972043427464,29865.98312974537,7.0,0.01372998153165,218,213,22,98.0,96.0,44.0,117.0,48.0,22.0,520,213,22,234.0,96.0,44.0,10.0,302,0,0,68,0,0,453
30.0,32.0,36.0,5.0,46276.0,27856.972043427464,28250.679411543813,7.0,0.0070169996053446,133,142,36,60.0,64.0,72.0,98.0,32.0,36.0,435,142,36,196.0,64.0,72.0,10.0,302,0,0,68,0,0,454
5.0,57.0,15.0,5.0,55403.0,36983.97204342746,26677.18130790195,5.0,-0.1619007855331336,22,253,15,10.0,114.0,30.0,73.0,57.0,15.0,324,253,15,146.0,114.0,30.0,10.0,302,0,0,68,0,0,455
48.0,35.0,22.0,5.0,42834.0,24414.972043427464,22095.58493904421,6.0,-0.0498679709481302,213,156,22,96.0,70.0,44.0,116.0,35.0,22.0,515,156,22,232.0,70.0,44.0,10.0,302,0,0,68,0,0,456
11.0,48.0,33.0,5.0,41738.0,23318.972043427464,21014.773482582543,6.0,-0.0519739203964411,49,213,33,22.0,96.0,66.0,79.0,48.0,33.0,351,213,33,158.0,96.0,66.0,10.0,302,0,0,68,0,0,457
13.0,34.0,26.0,5.0,39108.0,20688.972043427464,19503.73430776772,7.0,-0.0294888760488878,58,151,26,26.0,68.0,52.0,81.0,34.0,26.0,360,151,26,162.0,68.0,52.0,10.0,302,0,0,68,0,0,458
21.0,41.0,7.0,5.0,38600.0,20180.972043427464,17546.238257890338,6.0,-0.0698364327628299,93,182,7,42.0,82.0,14.0,89.0,41.0,7.0,395,182,7,178.0,82.0,14.0,10.0,302,0,0,68,0,0,459
38.0,47.0,26.0,5.0,40589.0,22169.972043427464,16888.126938710786,6.0,-0.1352304705646869,169,209,26,76.0,94.0,52.0,106.0,47.0,26.0,471,209,26,212.0,94.0,52.0,10.0,302,0,0,68,0,0,460
39.0,57.0,7.0,5.0,37425.0,19005.972043427464,13423.786596225882,5.0,-0.1721315754837592,173,253,7,78.0,114.0,14.0,107.0,57.0,7.0,475,253,7,214.0,114.0,14.0,10.0,302,0,0,68,0,0,461
29.0,23.0,21.0,3.0,45167.0,20592.161984742423,12877.105391601755,2.0,-0.230511666311334,129,102,21,58.0,46.0,42.0,97.0,91.0,21.0,431,404,21,194.0,182.0,42.0,6.0,302,302,0,68,68,0,549
38.0,47.0,20.0,3.0,45107.0,20532.161984742423,10325.353344995863,2.0,-0.3307722132089475,169,209,20,76.0,94.0,40.0,106.0,115.0,20.0,471,511,20,212.0,230.0,40.0,6.0,302,302,0,68,68,0,550
38.0,28.0,16.0,3.0,40232.0,15657.161984742426,9783.343057412974,2.0,-0.2308845251930503,169,124,16,76.0,56.0,32.0,106.0,96.0,16.0,471,426,16,212.0,192.0,32.0,6.0,302,302,0,68,68,0,551
30.0,45.0,21.0,3.0,45437.0,20862.161984742423,9442.799817319166,2.0,-0.3768149335415569,133,200,21,60.0,90.0,42.0,98.0,113.0,21.0,435,502,21,196.0,226.0,42.0,6.0,302,302,0,68,68,0,552
10.0,40.0,18.0,3.0,35823.0,11248.161984742426,8690.800982337712,7.0,-0.1282594790224044,44,178,18,20.0,80.0,36.0,78.0,108.0,18.0,346,480,18,156.0,216.0,36.0,6.0,302,302,0,68,68,0,553
32.0,16.0,47.0,3.0,38802.0,14227.161984742426,7974.610587802611,3.0,-0.2816239728836692,142,71,47,64.0,32.0,94.0,100.0,84.0,47.0,444,373,47,200.0,168.0,94.0,6.0,302,302,0,68,68,0,554
11.0,29.0,31.0,3.0,35246.0,10671.161984742426,6583.277057307067,2.0,-0.2369178689306029,49,129,31,22.0,58.0,62.0,79.0,97.0,31.0,351,431,31,158.0,194.0,62.0,6.0,302,302,0,68,68,0,555
26.0,31.0,16.0,3.0,33463.0,8888.161984742426,6378.687014068418,2.0,-0.1643741266367064,116,138,16,52.0,62.0,32.0,94.0,99.0,16.0,418,440,16,188.0,198.0,32.0,6.0,302,302,0,68,68,0,556
22.0,27.0,19.0,3.0,33589.0,9014.161984742426,6103.107272975402,2.0,-0.1925648516368683,98,120,19,44.0,54.0,38.0,90.0,95.0,19.0,400,422,19,180.0,190.0,38.0,6.0,302,302,0,68,68,0,557
50.0,23.0,29.0,4.0,54068.0,29493.161984742423,25709.75287610612,6.0,-0.0685364009884849,222,102,29,100.0,46.0,58.0,118.0,91.0,29.0,524,404,29,236.0,182.0,58.0,8.0,302,302,0,68,68,0,558
28.0,35.0,28.0,4.0,52928.0,28353.161984742423,21035.94137969351,7.0,-0.148154554478466,124,156,28,56.0,70.0,56.0,96.0,103.0,28.0,426,458,28,192.0,206.0,56.0,8.0,302,302,0,68,68,0,559
27.0,54.0,20.0,4.0,50084.0,25509.161984742423,19924.602604347197,5.0,-0.122916501216725,120,240,20,54.0,108.0,40.0,95.0,122.0,20.0,422,542,20,190.0,244.0,40.0,8.0,302,302,0,68,68,0,560
22.0,43.0,47.0,4.0,46053.0,21478.161984742423,19695.52523280067,7.0,-0.0432955334440442,98,191,47,44.0,86.0,94.0,90.0,111.0,47.0,400,493,47,180.0,222.0,94.0,8.0,302,302,0,68,68,0,561
38.0,36.0,4.0,4.0,46932.0,22357.161984742423,18687.30595702104,3.0,-0.0894117090987369,169,160,4,76.0,72.0,8.0,106.0,104.0,4.0,471,462,4,212.0,208.0,8.0,8.0,302,302,0,68,68,0,562
19.0,30.0,30.0,4.0,43793.0,19218.161984742423,17984.297771130812,7.0,-0.0331661998079796,84,133,30,38.0,60.0,60.0,87.0,98.0,30.0,386,435,30,174.0,196.0,60.0,8.0,302,302,0,68,68,0,563
27.0,22.0,26.0,4.0,47509.0,22934.161984742423,16127.005777247858,4.0,-0.1742691424120322,120,98,26,54.0,44.0,52.0,95.0,90.0,26.0,422,400,26,190.0,180.0,52.0,8.0,302,302,0,68,68,0,564
5.0,19.0,37.0,4.0,41471.0,16896.161984742426,14610.299750240669,3.0,-0.0725521721140669,22,84,37,10.0,38.0,74.0,73.0,87.0,37.0,324,386,37,146.0,174.0,74.0,8.0,302,302,0,68,68,0,565
4.0,17.0,20.0,4.0,39723.0,15148.161984742426,13119.459060918422,3.0,-0.0717677274839304,18,76,20,8.0,34.0,40.0,72.0,85.0,20.0,320,378,20,144.0,170.0,40.0,8.0,302,302,0,68,68,0,566
46.0,7.0,17.0,4.0,39140.0,14565.161984742426,12934.311528699316,4.0,-0.0593047883351639,204,31,17,92.0,14.0,34.0,114.0,75.0,17.0,506,333,17,228.0,150.0,34.0,8.0,302,302,0,68,68,0,567
46.0,46.0,14.0,4.0,43074.0,18499.161984742423,11825.085373680888,4.0,-0.2200904290278336,204,204,14,92.0,92.0,28.0,114.0,114.0,14.0,506,506,14,228.0,228.0,28.0,8.0,302,302,0,68,68,0,568
49.0,43.0,31.0,4.0,38385.0,13810.161984742426,11779.835414986945,3.0,-0.0793406321243687,218,191,31,98.0,86.0,62.0,117.0,111.0,31.0,520,493,31,234.0,222.0,62.0,8.0,302,302,0,68,68,0,569
21.0,45.0,37.0,4.0,35883.0,11308.161984742426,9720.762963899268,3.0,-0.0754864561417198,93,200,37,42.0,90.0,74.0,89.0,113.0,37.0,395,502,37,178.0,226.0,74.0,8.0,302,302,0,68,68,0,570
24.0,13.0,7.0,4.0,32375.0,7800.161984742426,6567.925906012097,4.0,-0.0857620087028588,107,58,7,48.0,26.0,14.0,92.0,81.0,7.0,409,360,7,184.0,162.0,14.0,8.0,302,302,0,68,68,0,571
39.0,43.0,60.0,5.0,52969.0,28394.161984742423,30567.42984515328,6.0,0.0368590432002028,173,191,60,78.0,86.0,120.0,107.0,111.0,60.0,475,493,60,214.0,222.0,120.0,10.0,302,302,0,68,68,0,572
30.0,5.0,49.0,5.0,54913.0,30338.161984742423,28823.712752942272,5.0,-0.0255983982677189,133,22,49,60.0,10.0,98.0,98.0,73.0,49.0,435,324,49,196.0,146.0,98.0,10.0,302,302,0,68,68,0,573
9.0,41.0,60.0,5.0,54632.0,30057.161984742423,28579.07026690193,8.0,-0.0252078222130148,40,182,60,18.0,82.0,120.0,77.0,109.0,60.0,342,484,60,154.0,218.0,120.0,10.0,302,302,0,68,68,0,574
17.0,8.0,45.0,5.0,53172.0,28597.161984742423,27428.26547291504,6.0,-0.0208636785986293,76,36,45,34.0,16.0,90.0,85.0,76.0,45.0,378,338,45,170.0,152.0,90.0,10.0,302,302,0,68,68,0,575
44.0,37.0,15.0,5.0,58697.0,34122.16198474243,27421.140037246736,9.0,-0.1088830421400113,196,164,15,88.0,74.0,30.0,112.0,105.0,15.0,498,466,15,224.0,210.0,30.0,10.0,302,302,0,68,68,0,576
29.0,18.0,57.0,5.0,52853.0,28278.161984742423,26916.17525819896,7.0,-0.0246762040197818,129,80,57,58.0,36.0,114.0,97.0,86.0,57.0,431,382,57,194.0,172.0,114.0,10.0,302,302,0,68,68,0,577
13.0,6.0,26.0,5.0,48448.0,23873.161984742423,24558.36272608024,6.0,0.0141478251083162,58,27,26,26.0,12.0,52.0,81.0,74.0,26.0,360,329,26,162.0,148.0,52.0,10.0,302,302,0,68,68,0,578
46.0,16.0,13.0,5.0,44675.0,20100.161984742423,18708.73751294735,7.0,-0.0358532318567266,204,71,13,92.0,32.0,26.0,114.0,84.0,13.0,506,373,13,228.0,168.0,26.0,10.0,302,302,0,68,68,0,579
40.0,44.0,27.0,5.0,45233.0,20658.161984742423,16121.156175654436,6.0,-0.1233575290684245,178,196,27,80.0,88.0,54.0,108.0,112.0,27.0,480,498,27,216.0,224.0,54.0,10.0,302,302,0,68,68,0,580
39.0,51.0,12.0,5.0,41509.0,16934.161984742426,13729.671487275324,6.0,-0.1045039101321547,173,227,12,78.0,102.0,24.0,107.0,119.0,12.0,475,529,12,214.0,238.0,24.0,10.0,302,302,0,68,68,0,581
33.0,23.0,30.0,6.0,53836.0,29261.161984742423,23168.02192414716,11.0,-0.1162165726474744,147,102,30,66.0,46.0,60.0,101.0,91.0,30.0,449,404,30,202.0,182.0,60.0,12.0,302,302,0,68,68,0,582
60.0,55.0,11.0,4.0,16595.0,3240.1551275452384,2462.1730932667906,7.0,-0.1364323490603388,267,244,11,120.0,110.0,22.0,60.0,55.0,81.0,267,244,81,120.0,110.0,162.0,8.0,0,0,70,0,0,70,723
5.0,60.0,13.0,5.0,35545.0,22190.15512754524,18979.2080862203,6.0,-0.0779936047262278,22,267,13,10.0,120.0,26.0,5.0,60.0,83.0,22,267,83,10.0,120.0,166.0,10.0,0,0,70,0,0,70,724
30.0,30.0,12.0,3.0,43232.0,22999.405238552143,12457.696007165558,3.0,-0.2973088284440554,133,133,12,60.0,60.0,24.0,30.0,98.0,82.0,133,435,82,60.0,196.0,164.0,6.0,0,302,70,0,68,70,749
61.0,55.0,20.0,3.0,34558.0,14325.405238552145,10411.569210448652,2.0,-0.1582180567867135,271,244,20,122.0,110.0,40.0,61.0,123.0,90.0,271,546,90,122.0,246.0,180.0,6.0,0,302,70,0,68,70,750
45.0,43.0,13.0,3.0,35755.0,15522.405238552145,10206.28979279878,3.0,-0.2066220396827577,200,191,13,90.0,86.0,26.0,45.0,111.0,83.0,200,493,83,90.0,222.0,166.0,6.0,0,302,70,0,68,70,751
16.0,3.0,3.0,3.0,24872.0,4639.405238552143,2689.977622680673,2.0,-0.2659743190907033,71,13,3,32.0,6.0,6.0,16.0,71.0,73.0,71,315,73,32.0,142.0,146.0,6.0,0,302,70,0,68,70,752
45.0,28.0,14.0,4.0,39904.0,19671.405238552143,16918.344999725174,4.0,-0.0752412962892251,200,124,14,90.0,56.0,28.0,45.0,96.0,84.0,200,426,84,90.0,192.0,168.0,8.0,0,302,70,0,68,70,753
22.0,22.0,19.0,4.0,32238.0,12005.405238552145,11633.205950216943,3.0,-0.0157453957579383,98,98,19,44.0,44.0,38.0,22.0,90.0,89.0,98,400,89,44.0,180.0,178.0,8.0,0,302,70,0,68,70,754
23.0,7.0,13.0,5.0,52942.0,32709.405238552143,29311.16807455644,8.0,-0.0547920953074688,102,31,13,46.0,14.0,26.0,23.0,75.0,83.0,102,333,83,46.0,150.0,166.0,10.0,0,302,70,0,68,70,755
31.0,23.0,12.0,5.0,48141.0,27908.405238552143,24713.62115883759,9.0,-0.0607119166333173,138,102,12,62.0,46.0,24.0,31.0,91.0,82.0,138,404,82,62.0,182.0,164.0,10.0,0,302,70,0,68,70,756
43.0,24.0,6.0,5.0,43056.0,22823.405238552143,20977.29074800237,8.0,-0.0421480629238509,191,107,6,86.0,48.0,12.0,43.0,92.0,76.0,191,409,76,86.0,184.0,152.0,10.0,0,302,70,0,68,70,757
37.0,40.0,9.0,5.0,43825.0,23592.405238552143,19383.940399958406,10.0,-0.0979251440779223,164,178,9,74.0,80.0,18.0,37.0,108.0,79.0,164,480,79,74.0,216.0,158.0,10.0,0,302,70,0,68,70,758
24.0,47.0,11.0,5.0,43448.0,23215.405238552143,19281.923691800635,8.0,-0.0925583241525117,107,209,11,48.0,94.0,22.0,24.0,115.0,81.0,107,511,81,48.0,230.0,162.0,10.0,0,302,70,0,68,70,759
44.0,36.0,13.0,3.0,42601.0,29900.42607659485,18548.840784698223,2.0,-0.23429839143687,196,160,13,88.0,72.0,26.0,112.0,36.0,83.0,498,160,83,224.0,72.0,166.0,6.0,302,0,70,68,0,70,888
18.0,29.0,16.0,5.0,47407.0,34257.321191414725,33222.79555513303,11.0,-0.0153308216725131,80,129,16,36.0,58.0,32.0,86.0,97.0,86.0,382,431,86,172.0,194.0,172.0,10.0,302,302,70,68,68,70,937
